index	Id	v_type	attributes.osmid	attributes.tagvalue	attributes.tagname	Lon	Lat	attributes.resolution	attributes.h3index	lat	lon
0	891fad3025bffff	h3place				11.0633	51.01169	9.0		51.0116896660295	11.063295868288652
1	891fad22dc3ffff	h3place				11.29289	50.98488	9.0		50.984876059486524	11.292893411572928
2	891fad316abffff	h3place				11.00085	50.99652	9.0		50.99652083760731	11.000848140972504
3	891fad38bc3ffff	h3place				11.07976	50.87958	9.0		50.87958382451272	11.07975672964643
4	891fad20533ffff	h3place				11.25031	50.94372	9.0		50.943718194686475	11.25031018361194
5	891fad33663ffff	h3place				10.97431	51.0371	9.0		51.03709705979027	10.974313596584983
6	891fad3143bffff	h3place				11.01661	51.01039	9.0		51.01039099911103	11.016610568340612
7	891fad04d97ffff	h3place				10.95477	51.03549	9.0		51.03548744945437	10.95476974143785
8	891fad3a48fffff	h3place				10.94386	50.97673	9.0		50.976734542779404	10.943864639029044
9	891fad3b1c7ffff	h3place				10.92539	50.91983	9.0		50.91982541298259	10.92539402841082
10	891fad31133ffff	h3place				11.07195	50.99982	9.0		50.999816200299016	11.071950254198677
11	891fad332a7ffff	h3place				11.00417	51.03452	9.0		51.03452060755007	11.00416869804505
12	891fad04b7bffff	h3place				10.95797	50.98293	9.0		50.982930819362124	10.957971817097182
13	891fad3a40bffff	h3place				10.94223	50.96905	9.0		50.9690500943344	10.94223143213621
14	891fad311abffff	h3place				11.06924	51.00211	9.0		51.00211155530139	11.069242298362335
15	891fad31acfffff	h3place				11.09031	50.96608	9.0		50.966077794397336	11.090307077001166
16	891fad3129bffff	h3place				11.00463	50.98425	9.0		50.984250356249	11.00462543032487
17	891fad3324fffff	h3place				10.98352	51.02025	9.0		51.02025165660095	10.983518709594403
18	891fad35363ffff	h3place				11.28968	50.99217	9.0		50.99217100039495	11.289676541027708
19	891fad22073ffff	h3place				11.20321	50.97016	9.0		50.97016181160908	11.203212427859357
20	891fad22077ffff	h3place				11.2081	50.97055	9.0		50.970554032689485	11.208100324498862
21	891fad322cfffff	h3place				11.04497	51.06803	9.0		51.06802626568195	11.044968049772041
22	891fad049a3ffff	h3place				10.98405	51.01527	9.0		51.015265625043114	10.984054395187957
23	891fad22eb7ffff	h3place				11.26728	50.97025	9.0		50.97025157655964	11.267283155293407
24	891fad3a5d3ffff	h3place				10.96339	50.97834	9.0		50.97834473207465	10.963390762852574
25	891fad313c3ffff	h3place				11.03446	50.98166	9.0		50.98166055745287	11.03446070044196
26	891fad3100bffff	h3place				11.0258	50.99353	9.0		50.99353370192427	11.025803603671688
27	891fad3a5dbffff	h3place				10.96122	50.97565	9.0		50.975649310584856	10.961218327982264
28	891fad312b7ffff	h3place				11.02416	50.98585	9.0		50.985850784402416	11.024160344782686
29	891fad2053bffff	h3place				11.24812	50.94103	9.0		50.94102524265725	11.248124968314885
30	891fad3128bffff	h3place				11.00733	50.98196	9.0		50.981956129707285	11.007334049788218
31	891fad22eb3ffff	h3place				11.26239	50.96986	9.0		50.96986177682179	11.262393687814491
32	891fad23187ffff	h3place				11.17379	50.94514	9.0		50.94513718293275	11.173794442517138
33	891fad31a97ffff	h3place				11.09902	50.97685	9.0		50.976853551968055	11.099021749549616
34	891fad05b33ffff	h3place				10.90481	50.95085	9.0		50.95085278613888	10.904813968574906
35	891fad04db3ffff	h3place				10.96237	51.0336	9.0		51.03359919673417	10.962367038919258
36	891fad31393ffff	h3place				11.04099	50.98974	9.0		50.989743095109795	11.04098978007294
37	891fad30da7ffff	h3place				11.20956	51.05118	9.0		51.0511788683057	11.209562120870206
38	891fad31557ffff	h3place				11.03615	51.01199	9.0		51.011990003174866	11.036154149606539
39	891fad31b07ffff	h3place				11.13916	50.97004	9.0		50.970037038081784	11.139159809814181
40	891fad3322bffff	h3place				11.00035	51.02415	9.0		51.02414882027671	11.000351170617018
41	891fad312b3ffff	h3place				11.01928	50.98545	9.0		50.985450973228765	11.01927637320607
42	891fad22d5bffff	h3place				11.29122	50.97719	9.0		50.97719150904626	11.291218896665903
43	891fad33163ffff	h3place				11.04274	51.04271	9.0		51.04270582459202	11.042737572265693
44	891fad332dbffff	h3place				10.97268	51.02942	9.0		51.02941893170267	10.972675378404338
45	891fad22c63ffff	h3place				11.27436	50.97333	9.0		50.97333282259727	11.274360085986576
46	891fad31c03ffff	h3place				11.09638	51.0018	9.0		51.001802895458866	11.096383973537222
47	891fad31547ffff	h3place				11.03886	51.0097	9.0		51.009695964554226	11.038863187933236
48	891fad3134fffff	h3place				11.04041	50.97208	9.0		50.972080009886454	11.040407777833613
49	891fad20597ffff	h3place				11.2395	50.95293	9.0		50.95292739997025	11.23950133982114
50	891fad3a903ffff	h3place				11.08483	50.94801	9.0		50.94801014214339	11.084829484956401
51	891fad39593ffff	h3place				10.93079	50.89256	9.0		50.89256420108031	10.930794718909857
52	891fad3a5c7ffff	h3place				10.97098	50.97645	9.0		50.97645337271263	10.970981867736079
53	891fad30663ffff	h3place				11.06171	51.02665	9.0		51.026651134662956	11.061705182967664
54	891fad22e63ffff	h3place				11.25905	50.95449	9.0		50.95448881464611	11.259052943478357
55	891fad37447ffff	h3place				11.22165	51.07729	9.0		51.07728692497858	11.221646848434899
56	891fad31417ffff	h3place				11.01119	51.01498	9.0		51.01497760166733	11.011191354864883
57	891fad235b3ffff	h3place				11.15975	50.96163	9.0		50.96163027130054	11.159751610987907
58	891fad22e17ffff	h3place				11.25802	50.96448	9.0		50.964477827799136	11.258020640087468
59	891fad3b067ffff	h3place				10.90697	50.90823	9.0		50.90822545205096	10.906969002894893
60	891fad31867ffff	h3place				11.12345	50.97883	9.0		50.97883413644444	11.123451079465053
61	891fad06b07ffff	h3place				10.94175	51.04196	9.0		51.041955679621715	10.941748053560422
62	891fad3121bffff	h3place				11.00787	50.97697	9.0		50.97696694681924	11.007867787119535
63	891fad06823ffff	h3place				10.93036	51.0561	9.0		51.05609745529949	10.930358174974538
64	891fad332cbffff	h3place				10.97539	51.02713	9.0		51.02712736131529	10.975386430744395
65	891fad235a3ffff	h3place				11.16246	50.95933	9.0		50.959330796834145	11.162456076434339
66	891fad31b67ffff	h3place				11.14239	50.96275	9.0		50.962746166274044	11.142389325051377
67	891fad22dd3ffff	h3place				11.29019	50.98718	9.0		50.98717820699568	11.290190732269028
68	891fad235abffff	h3place				11.16027	50.95664	9.0		50.95663724975412	11.160274608642876
69	891fad31513ffff	h3place				11.04051	51.01738	9.0		51.01737639048396	11.040508744463578
70	891fad3a633ffff	h3place				10.93897	50.95368	9.0		50.95367876621572	10.938966137161746
71	891fad31507ffff	h3place				11.0481	51.01548	9.0		51.015481423182145	11.04810461216345
72	891fad2008fffff	h3place				11.22473	50.92908	9.0		50.92907943850552	11.224728754545419
73	891fad06b97ffff	h3place				10.93578	51.05152	9.0		51.05151861371273	10.935783991757454
74	891fad31e97ffff	h3place				11.08007	50.99293	9.0		50.99292914264523	11.080073242108933
75	891fad22a77ffff	h3place				11.28015	50.94106	9.0		50.94106021165717	11.280150948895994
76	891fad3324bffff	h3place				10.97863	51.01985	9.0		51.019850011497475	10.97863343417489
77	891fad06b83ffff	h3place				10.93361	51.04883	9.0		51.048825314621375	10.93361060536698
78	891fad2056fffff	h3place				11.24646	50.93334	9.0		50.93333613890512	11.246456776869207
79	891fad2205bffff	h3place				11.18855	50.96898	9.0		50.96898396159621	11.188549694693556
80	891fad23527ffff	h3place				11.17057	50.95243	9.0		50.95243138183278	11.170568592225093
81	891fad203b7ffff	h3place				11.25559	50.91643	9.0		50.91643219339182	11.255593124353567
82	891fad21657ffff	h3place				11.11931	50.87775	9.0		50.8777546241733	11.119312061490547
83	891fad05b07ffff	h3place				10.89994	50.95045	9.0		50.950448287700894	10.89993573999172
84	891fad31b0fffff	h3place				11.13698	50.96734	9.0		50.96734355578812	11.136979131237222
85	891fad223b3ffff	h3place				11.22817	50.96713	9.0		50.967127635569135	11.22817186053895
86	891fad31583ffff	h3place				11.03998	51.02236	9.0		51.02236314986415	11.03997696412876
87	891fad3148fffff	h3place				11.00848	51.01727	9.0		51.01727065464365	11.008481528464596
88	891fad3b303ffff	h3place				10.9178	50.89905	9.0		50.89904679289338	10.917798935722093
89	891fad314bbffff	h3place				11.01337	51.01767	9.0		51.017671068559586	11.013367442045462
90	891fad31563ffff	h3place				11.04646	51.0078	9.0		51.00780077340295	11.046458205167722
91	891fad31403ffff	h3place				11.00902	51.01228	9.0		51.01228401643099	11.009015457510234
92	891fad3335bffff	h3place				11.01012	51.02495	9.0		51.0249501844383	11.01012368219534
93	891fad31343ffff	h3place				11.0377	50.97438	9.0		50.974375552564766	11.03770023824279
94	891fad31097ffff	h3place				11.02691	51.0062	9.0		51.006203537035574	11.026914674141672
95	891fad3063bffff	h3place				11.06606	51.03204	9.0		51.032035885552276	11.066063171866748
96	891fad3145bffff	h3place				10.99489	51.00609	9.0		51.00609486542447	10.994894561092444
97	891fad06b17ffff	h3place				10.93904	51.04425	9.0		51.044245723624684	10.939035717129277
98	891fad33357ffff	h3place				11.01719	51.02804	9.0		51.02804363892563	11.01718677876449
99	891fad3163bffff	h3place				11.00138	50.99153	9.0		50.99153281257298	11.001382440498558
100	891fad20563ffff	h3place				11.24376	50.93564	9.0		50.93563898226862	11.243755107195494
101	891fad310afffff	h3place				11.03993	50.99972	9.0		50.99972027045946	11.039926634210815
102	891fad22043ffff	h3place				11.19344	50.96938	9.0		50.969376776044356	11.193437112893376
103	891fad3a483ffff	h3place				10.94115	50.97903	9.0		50.97902718020621	10.94115489359308
104	891fad30013ffff	h3place				11.08998	51.03901	9.0		51.03901092533903	11.089978997253027
105	891fad315c7ffff	h3place				11.03562	51.01698	9.0		51.01697708591169	11.035622107996634
106	89754e64993ffff	h3place				-0.00104	0.00059	9.0		0.000585770141507859	-0.0010418183700592666
107	891fad04927ffff	h3place				10.99218	51.00839	9.0		51.008387803649455	10.992184739132226
108	891fad30677ffff	h3place				11.06388	51.02934	9.0		51.02934356938614	11.063884082418745
109	891fad0682fffff	h3place				10.93307	51.05381	9.0		51.05380811735245	10.93307115652527
110	891fad31bd7ffff	h3place				11.12398	50.97384	9.0		50.973842922747366	11.123976728995295
111	891fad31a93ffff	h3place				11.09414	50.97646	9.0		50.97645684253874	11.0941363658163
112	891fad05b37ffff	h3place				10.90969	50.95126	9.0		50.95125708786419	10.909692360444124
113	891fad33287ffff	h3place				10.99168	51.03601	9.0		51.036010510511645	10.991684254739697
114	891fad318afffff	h3place				11.12729	50.98921	9.0		50.98921107095071	11.127286578545219
115	891fad385dbffff	h3place				10.98393	50.92465	9.0		50.92465206812762	10.983926180957857
116	891fad38217ffff	h3place				10.97304	50.88849	9.0		50.888490520634946	10.973040850008815
117	891fad3158bffff	h3place				11.0378	51.01967	9.0		51.019670177108935	11.037799441113501
118	891fad33667ffff	h3place				10.9792	51.0375	9.0		51.03749896909388	10.979199967456127
119	891fad3186bffff	h3place				11.11638	50.97574	9.0		50.9757449541828	11.116384945184771
120	891fad316bbffff	h3place				10.99814	50.99881	9.0		50.99881431567135	10.998138817475986
121	891fad22c2fffff	h3place				11.28633	50.9768	9.0		50.97680265345046	11.286328299648371
122	891fad20587ffff	h3place				11.2422	50.95063	9.0		50.950625346402276	11.242203771283506
123	891fad20ecfffff	h3place				11.26858	50.90991	9.0		50.90990937990455	11.268579966768144
124	891fad31e2bffff	h3place				11.09143	50.97875	9.0		50.978753729468544	11.091429788248684
125	891fad32087ffff	h3place				11.07166	51.09533	9.0		51.09533182440413	11.071663481908752
126	891fad3ad9bffff	h3place				11.05777	50.97098	9.0		50.970979985046036	11.057766224898726
127	891fad31353ffff	h3place				11.03499	50.97667	9.0		50.976670929816045	11.034992552284596
128	891fad32823ffff	h3place				11.16999	51.07565	9.0		51.07565128960967	11.169987547411699
129	891fad0493bffff	h3place				10.98242	51.00759	9.0		51.00758514448392	10.982415543803185
130	891fad31503ffff	h3place				11.04322	51.01508	9.0		51.015082438345694	11.043217901254701
131	891fad31213ffff	h3place				11.01004	50.97966	9.0		50.97966173769305	11.010042522963277
132	891fad20577ffff	h3place				11.24594	50.93833	9.0		50.93833217184572	11.245939942848842
133	891fad235afffff	h3place				11.16516	50.95703	9.0		50.95703115709572	11.165160395122781
134	891fad05bcbffff	h3place				10.88042	50.94883	9.0		50.9488283271918	10.880424459768896
135	891fad22e93ffff	h3place				11.24991	50.97138	9.0		50.971383213332196	11.249912302464569
136	891fad33143ffff	h3place				11.03025	51.0442	9.0		51.04419956268069	11.030250351824273
137	891fad31587ffff	h3place				11.04486	51.02276	9.0		51.0227623040265	11.044864098882897
138	891fad38d9bffff	h3place				11.08041	50.91995	9.0		50.91994948878508	11.080411477562208
139	891fad31e23ffff	h3place				11.09361	50.98145	9.0		50.98144740484592	11.09360862328558
140	891fad2264fffff	h3place				11.16193	50.96432	9.0		50.96432365666571	11.161933210117349
141	891fad31437ffff	h3place				11.02367	51.01348	9.0		51.01348452450962	11.023672675781144
142	891fada9957ffff	h3place				11.00971	51.09781	9.0		51.09780860360926	11.009711155835822
143	891fad2020fffff	h3place				11.21267	50.90292	9.0		50.90291995555859	11.212668445661075
144	891fad3159bffff	h3place				11.03509	51.02196	9.0		51.02196379821325	11.035089991204705
145	891fad333cbffff	h3place				11.00959	51.02994	9.0		51.029935920128985	11.009589732707122
146	891fad3b037ffff	h3place				10.91347	50.91632	9.0		50.916320201926915	10.913472677242858
147	891fad22a0fffff	h3place				11.27745	50.94336	9.0		50.94336370147129	11.277449698687361
148	891fad31197ffff	h3place				11.06112	51.009	9.0		51.00899662755794	11.061117551257253
149	891fad04da3ffff	h3place				10.96508	51.03131	9.0		51.03130807987575	10.965078470649386
150	891fad22ed3ffff	h3place				11.24065	50.96561	9.0		50.96560837966211	11.240651777650116
151	891fad3a6cfffff	h3place				10.91945	50.95207	9.0		50.952065101102875	10.919449633790258
152	891fad3151bffff	h3place				11.03833	51.01468	9.0		51.014683256041906	11.03833135209906
153	891fad3140bffff	h3place				11.00684	51.00959	9.0		51.00959031286718	11.006839749962909
154	891fad3334bffff	h3place				11.01283	51.02266	9.0		51.022657383540334	11.012833773872915
155	891fad22ea3ffff	h3place				11.2651	50.96756	9.0		50.967559737379965	11.26509628854532
156	891fad21067ffff	h3place				11.16863	50.8767	9.0		50.8766985980382	11.168632535285798
157	891fad39d8bffff	h3place				11.01853	50.87711	9.0		50.877105610179896	11.018526729618301
158	891fad384a7ffff	h3place				10.98122	50.92695	9.0		50.92694785672243	10.981219301738225
159	891fad31ab3ffff	h3place				11.10661	50.97495	9.0		50.97495276721655	11.106613549544617
160	891fad33253ffff	h3place				10.9781	51.02484	9.0		51.02483562533097	10.978097336722962
161	891fad31123ffff	h3place				11.07466	50.99752	9.0		50.997520679850574	11.074658063435354
162	891fad3a6afffff	h3place				10.94114	50.95638	9.0		50.95637520624698	10.941136807306885
163	891fad2a6afffff	h3place				11.0737	50.8438	9.0		50.84379846771349	11.073699464262626
164	891fad3b30fffff	h3place				10.92051	50.89675	9.0		50.896751714616244	10.920506054899162
165	891fad31487ffff	h3place				11.01066	51.01996	9.0		51.019964078272565	11.01065755624264
166	891fad3b38bffff	h3place				10.91238	50.90364	9.0		50.90363645327718	10.912384260531592
167	891fad313cfffff	h3place				11.03717	50.97937	9.0		50.97936538885641	11.037168591969124
168	891fad3ac8bffff	h3place				11.02629	50.96589	9.0		50.96589191109918	11.026290289946383
169	891fad3a9abffff	h3place				11.09189	50.9511	9.0		50.95110180683563	11.091890418915964
170	891fad314abffff	h3place				11.01608	51.01538	9.0		51.01537789330615	11.016077181387423
171	891fad31b8bffff	h3place				11.12886	50.97424	9.0		50.97423840018425	11.128862740270982
172	891fad3162bffff	h3place				11.00409	50.98924	9.0		50.98923896024821	11.004091411944282
173	891fad22ed7ffff	h3place				11.24554	50.966	9.0		50.96599904710219	11.245540362289882
174	891fad23197ffff	h3place				11.17109	50.94744	9.0		50.94743752678915	11.171090769220418
175	891fad3a5c3ffff	h3place				10.9661	50.97605	9.0		50.9760514401653	10.966100016562335
176	891fad333b7ffff	h3place				11.03567	51.03961	9.0		51.03961415645986	11.03567104534096
177	891fada99dbffff	h3place				10.99939	51.10199	9.0		51.101986801290145	10.99939317941539
178	891fad22057ffff	h3place				11.19562	50.97207	9.0		50.972069470772816	11.195620581042654
179	891fad38153ffff	h3place				11.00828	50.90398	9.0		50.90398252972749	11.00828152562104
180	891fad3a413ffff	h3place				10.94169	50.97404	9.0		50.974038822300265	10.941693200853305
181	891fad3a36fffff	h3place				10.98827	50.93005	9.0		50.930045655833325	10.988270254252605
182	891fad3b383ffff	h3place				10.91455	50.90633	9.0		50.9063349073912	10.914552082460215
183	891fad22623ffff	h3place				11.18096	50.97089	9.0		50.970890660974256	11.180958060711898
184	891fad22edbffff	h3place				11.23847	50.96292	9.0		50.96291604245615	11.238466340461118
185	891fad22327ffff	h3place				11.23898	50.95792	9.0		50.95792190628719	11.238983876704179
186	891fad22387ffff	h3place				11.22328	50.96674	9.0		50.96673625230814	11.223283663843324
187	891fad22393ffff	h3place				11.21569	50.96865	9.0		50.96864544618525	11.215692076881357
188	891fad04d37ffff	h3place				10.9705	51.02673	9.0		51.02672534931965	10.970500895085507
189	891fad213bbffff	h3place				11.18379	50.87288	9.0		50.87287803661391	11.183794973871452
190	891fad3b1bbffff	h3place				10.93732	50.92333	9.0		50.92332942182858	10.937317215710703
191	891fad382d7ffff	h3place				10.96058	50.88998	9.0		50.88998416863113	10.960583656021672
192	891fad3acb7ffff	h3place				11.04312	50.96978	9.0		50.96978430178853	11.043115171056801
193	891fad311bbffff	h3place				11.06653	51.00441	9.0		51.004406744850286	11.066534195926542
194	891fad22dcbffff	h3place				11.2907	50.98219	9.0		50.98218504320084	11.290704850809973
195	891fad04dafffff	h3place				10.96779	51.02902	9.0		51.02901679740179	10.967789756038249
196	891fad20e57ffff	h3place				11.27128	50.9076	9.0		50.907604842537786	11.271280109180072
197	891fad31a87ffff	h3place				11.10173	50.97456	9.0		50.974556377467934	11.101728092779535
198	891fad3a607ffff	h3place				10.93409	50.95328	9.0		50.95327564515419	10.934086766890431
199	891fad3a4a7ffff	h3place				10.95851	50.97794	9.0		50.97794248025579	10.958508987779437
200	891fad316b3ffff	h3place				11.00031	51.00151	9.0		51.001508492378065	11.000313765979477
201	891fad20c8bffff	h3place				11.28825	50.93415	9.0		50.93414875155409	11.288253816884986
202	891fad3134bffff	h3place				11.03552	50.97168	9.0		50.971680932035696	11.035524329026467
203	891fad30607ffff	h3place				11.06335	51.03433	9.0		51.03432982280377	11.063353834958072
204	891fad31537ffff	h3place				11.05788	51.01628	9.0		51.016278800379816	11.057878518987998
205	891fad31527ffff	h3place				11.06059	51.01398	9.0		51.01398431594793	11.060587266947337
206	891fad06b2fffff	h3place				10.95206	51.03778	9.0		51.037778112737946	10.952057930444113
207	891fad3144bffff	h3place				10.9976	51.0038	9.0		51.00380176166488	10.997604236708279
208	891fad049afffff	h3place				10.98676	51.01297	9.0		51.01297318346615	10.986764656179702
209	891fad35377ffff	h3place				11.29187	50.99486	9.0		50.99486169238717	11.291865366608247
210	891fad22d53ffff	h3place				11.29341	50.97988	9.0		50.97988268744716	11.293407325042887
211	891fad20517ffff	h3place				11.24272	50.94563	9.0		50.945630261740114	11.24272095631378
212	891fad3a4b3ffff	h3place				10.95092	50.97983	9.0		50.97983291333725	10.950917802687226
213	891fad3a52bffff	h3place				10.98887	50.97037	9.0		50.97037467787366	10.988872162438748
214	891fad222c3ffff	h3place				11.17493	50.95782	9.0		50.95781837889515	11.174932447608462
215	891fad05bc3ffff	h3place				10.88259	50.95153	9.0		50.95152566146984	10.882592139914069
216	891fad31697ffff	h3place				10.99272	51.0034	9.0		51.003400775242895	10.992719731506408
217	891fad3186fffff	h3place				11.12127	50.97614	9.0		50.97614075136403	11.121270883933601
218	891fad31a53ffff	h3place				11.08813	50.96338	9.0		50.96338355896388	11.088128883153347
219	891fad223b7ffff	h3place				11.23306	50.96752	9.0		50.9675188209528	11.233060216304485
220	891fad22047ffff	h3place				11.19832	50.96977	9.0		50.969769392721346	11.198324690636413
221	891fad2016bffff	h3place				11.26048	50.91682	9.0		50.91682200160606	11.260478657934527
222	891fad05b53ffff	h3place				10.88313	50.94654	9.0		50.94653623471555	10.883134294426743
223	891fad20c83ffff	h3place				11.29044	50.93684	9.0		50.93684142090531	11.290440749292292
224	891fad04937ffff	h3place				10.98947	51.01068	9.0		51.01068057633247	10.989474770827888
225	891fad20507ffff	h3place				11.24542	50.94333	9.0		50.94332783477624	11.24542303580961
226	891fad22337ffff	h3place				11.23628	50.96022	9.0		50.960223586414855	11.236281093206266
227	891fad3a6abffff	h3place				10.93626	50.95597	9.0		50.955972159812276	10.936257187957017
228	891fad3a4b7ffff	h3place				10.9558	50.98024	9.0		50.98023548441489	10.955799501484172
229	891fad31637ffff	h3place				11.00844	50.99463	9.0		50.99462769142817	11.008441475722595
230	891fadad227ffff	h3place				11.13695	51.10816	9.0		51.1081643822572	11.136946068183295
231	891fad33307ffff	h3place				11.02914	51.03154	9.0		51.03153646806836	11.029138047990724
232	891fad33237ffff	h3place				11.0047	51.02954	9.0		51.029535289551006	11.004703059401326
233	891fad3325bffff	h3place				10.97592	51.02214	9.0		51.02214195636013	10.975922734154127
234	891fad22633ffff	h3place				11.17825	50.97319	9.0		50.97319020727589	11.17825353844963
235	891fad23587ffff	h3place				11.15487	50.96124	9.0		50.96123611965506	11.154865647921199
236	891fad31ab7ffff	h3place				11.1115	50.97535	9.0		50.97534895946091	11.11149916703407
237	891fad31293ffff	h3place				11.0068	50.98694	9.0		50.98694494243264	11.006800237082912
238	891fad22e87ffff	h3place				11.2575	50.96947	9.0		50.969471779080514	11.25750437896141
239	891fad22e8bffff	h3place				11.25043	50.96639	9.0		50.96638951661201	11.250429105762722
240	891fad05b57ffff	h3place				10.88801	50.94694	9.0		50.94694139759804	10.888011783549288
241	891fad312a3ffff	h3place				11.02198	50.98316	9.0		50.983156379990206	11.02198473171089
242	891fad3334fffff	h3place				11.01772	51.02306	9.0		51.02305764724514	11.01772018595861
243	891fad30acbffff	h3place				11.15015	51.00616	9.0		51.00615623382912	11.150152311609597
244	891fad31497ffff	h3place				11.00795	51.02226	9.0		51.02225692243773	11.007947523979185
245	891fad3b1cbffff	h3place				10.91835	50.91672	9.0		50.916723972892974	10.918348887640096
246	891fad3b00fffff	h3place				10.90155	50.91281	9.0		50.912813789155365	10.901553162814732
247	891fad31233ffff	h3place				11.02252	50.97817	9.0		50.97816705539164	11.022517461192749
248	891fad04d27ffff	h3place				10.97321	51.02443	9.0		51.02443373563665	10.973211887790898
249	891fad223a7ffff	h3place				11.23576	50.96522	9.0		50.96521751430982	11.235763351906911
250	891fad31427ffff	h3place				11.02638	51.01119	9.0		51.01119089592914	11.026382035056457
251	891fad04bafffff	h3place				10.97155	50.99411	9.0		50.99411297830516	10.971546082893914
252	891fad228c3ffff	h3place				11.27758	50.96604	9.0		50.96603644570091	11.27757747826748
253	891fad33243ffff	h3place				10.98081	51.02254	9.0		51.02254372375706	10.9808080963397
254	891fad31a43ffff	h3place				11.09083	50.96109	9.0		50.961086168600474	11.090834932172601
255	891fad2216bffff	h3place				11.23795	50.96791	9.0		50.967909808441135	11.237948731076564
256	891fad3329bffff	h3place				10.98191	51.03521	9.0		51.035207528595734	10.981911198653792
257	891fad310b7ffff	h3place				11.03939	51.00471	9.0		51.00470830268154	11.039394948631859
258	891fad35473ffff	h3place				11.24912	51.02668	9.0		51.02668025941443	11.249115592125769
259	891fad3a51bffff	h3place				10.97369	50.97416	9.0		50.97415979306912	10.973690888774295
260	891fad31b13ffff	h3place				11.13157	50.97194	9.0		50.97194028404551	11.131568350625555
261	891fad22e8fffff	h3place				11.25532	50.96678	9.0		50.96677978817358	11.255318008005226
262	891fad05b23ffff	h3place				10.90752	50.94856	9.0		50.948560082564036	10.90752337430907
263	891fad3102fffff	h3place				11.04317	50.99244	9.0		50.99243703767209	11.043166519405958
264	891fad22dc7ffff	h3place				11.29778	50.98526	9.0		50.985264687038004	11.29778475217378
265	891fad3130fffff	h3place				11.04964	50.97787	9.0		50.977867712951195	11.049644391558889
266	891fad3b033ffff	h3place				10.9086	50.91592	9.0		50.91591623437094	10.908596629855344
267	891fad0492fffff	h3place				10.99001	51.00569	9.0		51.005693756735624	10.990009969033908
268	891fad20157ffff	h3place				11.25238	50.92373	9.0		50.923733137549945	11.252376026704232
269	891fad3184bffff	h3place				11.10391	50.97725	9.0		50.97725006391034	11.103907294116999
270	891fad374dbffff	h3place				11.20863	51.08378	9.0		51.08378352270551	11.208626950783069
271	891fad315b7ffff	h3place				11.05464	51.02356	9.0		51.023560019812436	11.054638853629157
272	891fad31517ffff	h3place				11.0454	51.01778	9.0		51.01777549758792	11.045395542730336
273	891fad2231bffff	h3place				11.21673	50.95866	9.0		50.958658331919146	11.216730328098945
274	891fad06b8fffff	h3place				10.93632	51.04654	9.0		51.04653560196033	10.936323234398019
275	891fad31b17ffff	h3place				11.13645	50.97234	9.0		50.97233544172601	11.136454434252308
276	891fad2058fffff	h3place				11.24002	50.94793	9.0		50.94793252354131	11.240018729827426
277	891fad2225bffff	h3place				11.17327	50.95013	9.0		50.95013124632331	11.173272470638791
278	891fad20ec3ffff	h3place				11.26588	50.91221	9.0		50.912213752209915	11.26587967742325
279	891fad3addbffff	h3place				11.04853	50.96519	9.0		50.965192389363565	11.048529518399553
280	891fada994fffff	h3place				11.01025	51.09283	9.0		51.09282780217949	11.010245619807456
281	891fad315a3ffff	h3place				11.05246	51.02087	9.0		51.02086727275425	11.052460583216158
282	891fad05bdbffff	h3place				10.87771	50.95112	9.0		50.951120254140726	10.87771447942789
283	891fad3b023ffff	h3place				10.9113	50.91362	9.0		50.91362206962328	10.911304596703461
284	891fad23583ffff	h3place				11.14998	50.96084	9.0		50.96084177040368	11.149979844873846
285	891fad23593ffff	h3place				11.14728	50.96314	9.0		50.963140835273414	11.14727505618735
286	891fad05b0bffff	h3place				10.89289	50.94735	9.0		50.9473463638426	10.892889436161298
287	891fad3149bffff	h3place				11.00089	51.01916	9.0		51.019162808518416	11.000885717274643
288	891fad3182bffff	h3place				11.12563	50.98153	9.0		50.98152740297719	11.125631464820794
289	891fad33353ffff	h3place				11.0123	51.02764	9.0		51.02764332806064	11.012300030290106
290	https://www.openstreetmap.org/way/258135775	osmplace				10.97453	51.02542				
291	https://www.openstreetmap.org/way/257267939	osmplace				11.12484	50.9744				
292	https://www.openstreetmap.org/way/313890835	osmplace				11.00743	50.98072				
293	https://www.openstreetmap.org/way/243040776	osmplace				11.29063	50.98837				
294	https://www.openstreetmap.org/way/360937289	osmplace				11.24604	50.93725				
295	https://www.openstreetmap.org/way/258135820	osmplace				10.97973	51.02138				
296	https://www.openstreetmap.org/way/238560996	osmplace				11.24604	50.93738				
297	https://www.openstreetmap.org/way/750881883	osmplace				11.2338	50.96645				
298	https://www.openstreetmap.org/way/241797234	osmplace				11.23823	50.95823				
299	https://www.openstreetmap.org/way/365895860	osmplace				11.17232	50.94777				
300	https://www.openstreetmap.org/way/854944018	osmplace				11.05959	51.01415				
301	https://www.openstreetmap.org/way/242805662	osmplace				10.93759	50.95486				
302	https://www.openstreetmap.org/way/14015828	osmplace				10.97048	50.97723				
303	https://www.openstreetmap.org/way/947818190	osmplace				10.96249	50.97677				
304	https://www.openstreetmap.org/way/182535670	osmplace				10.9591	50.97626				
305	https://www.openstreetmap.org/way/346365348	osmplace				11.1851	50.87401				
306	https://www.openstreetmap.org/node/8520143664	osmplace				11.02358	50.98729				
307	https://www.openstreetmap.org/way/224321366	osmplace				11.22116	51.07864				
308	https://www.openstreetmap.org/way/224277552	osmplace				11.20871	51.05079				
309	https://www.openstreetmap.org/way/436422723	osmplace				11.03932	51.02206				
310	https://www.openstreetmap.org/relation/3011748	osmplace				11.01178	51.02078				
311	https://www.openstreetmap.org/way/191247844	osmplace				11.01452	51.02222				
312	https://www.openstreetmap.org/way/225589693	osmplace				10.98183	51.00869				
313	https://www.openstreetmap.org/way/285870233	osmplace				11.07817	50.91932				
314	https://www.openstreetmap.org/way/871971614	osmplace				10.94339	51.04153				
315	https://www.openstreetmap.org/way/674051827	osmplace				10.93952	51.04455				
316	https://www.openstreetmap.org/way/346479627	osmplace				10.93357	51.0532				
317	https://www.openstreetmap.org/way/258527335	osmplace				10.93571	51.04927				
318	https://www.openstreetmap.org/way/15679922	osmplace				11.00673	50.98258				
319	https://www.openstreetmap.org/way/313890822	osmplace				11.00462	50.98849				
320	https://www.openstreetmap.org/way/263490247	osmplace				11.24695	50.9666				
321	https://www.openstreetmap.org/way/483169033	osmplace				11.23509	50.96616				
322	https://www.openstreetmap.org/way/241846788	osmplace				11.16342	50.95678				
323	https://www.openstreetmap.org/way/360203549	osmplace				11.26944	50.9094				
324	https://www.openstreetmap.org/way/182535690	osmplace				10.96129	50.97742				
325	https://www.openstreetmap.org/way/241366655	osmplace				11.16248	50.95761				
326	https://www.openstreetmap.org/way/436257616	osmplace				11.03593	51.01266				
327	https://www.openstreetmap.org/way/222153643	osmplace				11.29171	50.93601				
328	https://www.openstreetmap.org/way/335237985	osmplace				10.90259	50.91335				
329	https://www.openstreetmap.org/way/271765870	osmplace				11.08014	50.99306				
330	https://www.openstreetmap.org/way/243034472	osmplace				11.22246	50.96712				
331	https://www.openstreetmap.org/way/236832367	osmplace				11.10344	50.97579				
332	https://www.openstreetmap.org/way/236832366	osmplace				11.09792	50.97668				
333	https://www.openstreetmap.org/way/241797236	osmplace				11.23753	50.95955				
334	https://www.openstreetmap.org/relation/9725138	osmplace				11.0319	51.04325				
335	https://www.openstreetmap.org/way/198097720	osmplace				11.09509	51.00105				
336	https://www.openstreetmap.org/way/441245763	osmplace				11.04041	50.97212				
337	https://www.openstreetmap.org/way/257267931	osmplace				11.15334	50.96091				
338	https://www.openstreetmap.org/way/257267943	osmplace				11.13634	50.97086				
339	https://www.openstreetmap.org/way/257267936	osmplace				11.26673	50.97026				
340	https://www.openstreetmap.org/way/241797238	osmplace				11.23633	50.96452				
341	https://www.openstreetmap.org/way/592586642	osmplace				11.09531	50.9771				
342	https://www.openstreetmap.org/way/343420292	osmplace				11.09545	50.97696				
343	https://www.openstreetmap.org/way/235548814	osmplace				11.09645	50.9768				
344	https://www.openstreetmap.org/way/490528137	osmplace				10.88284	50.94767				
345	https://www.openstreetmap.org/way/283330063	osmplace				10.88191	50.94763				
346	https://www.openstreetmap.org/way/258527339	osmplace				10.93855	51.0457				
347	https://www.openstreetmap.org/way/235548811	osmplace				11.09833	50.97649				
348	https://www.openstreetmap.org/way/182535679	osmplace				10.96269	50.97632				
349	https://www.openstreetmap.org/way/182535684	osmplace				10.95804	50.97651				
350	https://www.openstreetmap.org/way/32478246	osmplace				10.94298	50.97936				
351	https://www.openstreetmap.org/way/947817916	osmplace				10.94855	50.98001				
352	https://www.openstreetmap.org/node/1723924303	osmplace				11.02355	51.01215				
353	https://www.openstreetmap.org/way/335244395	osmplace				10.90186	50.91315				
354	https://www.openstreetmap.org/way/247075783	osmplace				11.08524	50.97337				
355	https://www.openstreetmap.org/way/226608795	osmplace				11.01163	51.02223				
356	https://www.openstreetmap.org/way/307390412	osmplace				11.03925	51.00405				
357	https://www.openstreetmap.org/way/226600412	osmplace				11.00857	51.01732				
358	https://www.openstreetmap.org/way/226606075	osmplace				11.01339	51.01891				
359	https://www.openstreetmap.org/way/304603306	osmplace				10.98976	51.03545				
360	https://www.openstreetmap.org/way/257036820	osmplace				11.1745	50.95918				
361	https://www.openstreetmap.org/way/316392289	osmplace				11.09215	50.94964				
362	https://www.openstreetmap.org/way/700432425	osmplace				11.03814	50.99984				
363	https://www.openstreetmap.org/way/928277619	osmplace				10.91732	50.91727				
364	https://www.openstreetmap.org/way/343420288	osmplace				10.99233	51.00666				
365	https://www.openstreetmap.org/way/483078812	osmplace				11.18719	50.96906				
366	https://www.openstreetmap.org/way/343420286	osmplace				11.13248	50.97283				
367	https://www.openstreetmap.org/way/313890825	osmplace				11.00558	50.98557				
368	https://www.openstreetmap.org/way/243040779	osmplace				11.28869	50.99249				
369	https://www.openstreetmap.org/way/251661315	osmplace				11.15907	50.96088				
370	https://www.openstreetmap.org/way/298559627	osmplace				11.10691	50.97523				
371	https://www.openstreetmap.org/way/854893231	osmplace				11.08857	50.96176				
372	https://www.openstreetmap.org/way/420600709	osmplace				10.95928	50.97656				
373	https://www.openstreetmap.org/way/434905545	osmplace				11.03784	50.97243				
374	https://www.openstreetmap.org/node/322605181	osmplace				11.04642	50.96486				
375	https://www.openstreetmap.org/way/133606693	osmplace				11.04744	51.00833				
376	https://www.openstreetmap.org/way/258527325	osmplace				10.94017	51.04394				
377	https://www.openstreetmap.org/way/258527319	osmplace				10.9402	51.04409				
378	https://www.openstreetmap.org/way/258135771	osmplace				10.97535	51.02468				
379	https://www.openstreetmap.org/way/483078815	osmplace				11.15793	50.96149				
380	https://www.openstreetmap.org/way/343420283	osmplace				10.97242	51.02743				
381	https://www.openstreetmap.org/way/258135777	osmplace				10.97372	51.02633				
382	https://www.openstreetmap.org/way/258527328	osmplace				10.93557	51.04922				
383	https://www.openstreetmap.org/way/483078814	osmplace				11.15788	50.96156				
384	https://www.openstreetmap.org/way/233304365	osmplace				11.22477	50.96711				
385	https://www.openstreetmap.org/way/27739804	osmplace				11.00083	50.99787				
386	https://www.openstreetmap.org/way/690734051	osmplace				11.27037	50.9089				
387	891fad3ad83ffff	h3place				11.06265	50.97138	9.0		50.971378151512596	11.06265023230631
388	891fad3108bffff	h3place				11.02256	51.00082	9.0		51.000816052378646	11.022562096122053
389	891fad31e6fffff	h3place				11.08707	50.97337	9.0		50.973366023378674	11.087072687461546
390	https://www.openstreetmap.org/way/674051828	osmplace				10.9554	51.03556				
391	891fad3826bffff	h3place				10.97194	50.8758	9.0		50.87580068265401	10.971941730970725
392	https://www.openstreetmap.org/way/241366648	osmplace				11.15123	50.96094				
393	https://www.openstreetmap.org/way/650939166	osmplace				11.06891	51.00093				
394	891fad31307ffff	h3place				11.05182	50.98056	9.0		50.980561946718986	11.05182117774964
395	891fad3142fffff	h3place				11.02421	51.0085	9.0		51.00849737437698	11.024205520645626
396	https://www.openstreetmap.org/way/218984578	osmplace				11.24607	50.93667				
397	https://www.openstreetmap.org/way/236832368	osmplace				11.09837	50.97661				
398	https://www.openstreetmap.org/way/420600706	osmplace				10.96385	50.97543				
399	https://www.openstreetmap.org/way/182535686	osmplace				10.96182	50.97737				
400	https://www.openstreetmap.org/way/271765853	osmplace				11.07416	50.9973				
401	https://www.openstreetmap.org/way/242805666	osmplace				10.93915	50.95526				
402	891fad33293ffff	h3place				10.98409	51.0379	9.0		51.03790068104852	10.984086501035177
403	https://www.openstreetmap.org/way/271765861	osmplace				11.09217	50.97538				
404	891fad31543ffff	h3place				11.03398	51.0093	9.0		51.00929663189953	11.03397713696748
405	891fad20c97ffff	h3place				11.29263	50.93953	9.0		50.93953397136215	11.292627871579084
406	https://www.openstreetmap.org/way/243040778	osmplace				11.28947	50.99356				
407	https://www.openstreetmap.org/way/242808048	osmplace				10.93342	50.95374				
408	https://www.openstreetmap.org/node/8696215490	osmplace				11.06411	50.97262				
409	https://www.openstreetmap.org/way/89430973	osmplace				10.95086	51.03722				
410	https://www.openstreetmap.org/way/483169026	osmplace				11.23712	50.96074				
411	https://www.openstreetmap.org/way/854944020	osmplace				11.0612	51.01203				
412	https://www.openstreetmap.org/way/271765864	osmplace				11.06269	51.00965				
413	https://www.openstreetmap.org/node/1928984415	osmplace				10.96013	50.97568				
414	https://www.openstreetmap.org/way/436422722	osmplace				11.04361	51.02372				
415	https://www.openstreetmap.org/way/436257609	osmplace				11.03626	51.01446				
416	https://www.openstreetmap.org/way/905524191	osmplace				11.27563	50.96642				
417	https://www.openstreetmap.org/way/483169032	osmplace				11.23802	50.95861				
418	https://www.openstreetmap.org/way/280259658	osmplace				11.06179	51.02904				
419	https://www.openstreetmap.org/way/271765854	osmplace				11.06472	51.00512				
420	https://www.openstreetmap.org/way/241846786	osmplace				11.16353	50.95668				
421	https://www.openstreetmap.org/way/658203182	osmplace				11.25989	50.91605				
422	https://www.openstreetmap.org/way/257267927	osmplace				11.1144	50.9754				
423	https://www.openstreetmap.org/way/340019825	osmplace				10.9961	51.00338				
424	https://www.openstreetmap.org/way/257267940	osmplace				11.15667	50.96123				
425	https://www.openstreetmap.org/way/257267935	osmplace				11.13804	50.96904				
426	https://www.openstreetmap.org/way/271765857	osmplace				11.07023	51.00005				
427	https://www.openstreetmap.org/way/25469173	osmplace				11.19623	50.9722				
428	https://www.openstreetmap.org/way/243040777	osmplace				11.28917	50.99325				
429	https://www.openstreetmap.org/way/257267930	osmplace				11.16166	50.96286				
430	https://www.openstreetmap.org/way/236832363	osmplace				11.10547	50.97535				
431	https://www.openstreetmap.org/way/257267933	osmplace				11.25695	50.96807				
432	https://www.openstreetmap.org/way/298559542	osmplace				11.10738	50.97505				
433	https://www.openstreetmap.org/way/236832365	osmplace				11.0971	50.9767				
434	https://www.openstreetmap.org/way/33208613	osmplace				10.94068	50.95554				
435	https://www.openstreetmap.org/way/296137487	osmplace				10.9348	50.95407				
436	https://www.openstreetmap.org/way/854944019	osmplace				11.06015	51.01364				
437	https://www.openstreetmap.org/way/236832369	osmplace				11.10165	50.97608				
438	https://www.openstreetmap.org/way/460089644	osmplace				10.98463	51.01407				
439	https://www.openstreetmap.org/way/242805663	osmplace				10.93647	50.95451				
440	https://www.openstreetmap.org/way/266874340	osmplace				10.96229	51.03302				
441	https://www.openstreetmap.org/way/257267928	osmplace				11.14263	50.9636				
442	https://www.openstreetmap.org/way/483169019	osmplace				11.24135	50.95173				
443	https://www.openstreetmap.org/way/483169031	osmplace				11.23802	50.95861				
444	https://www.openstreetmap.org/way/271765869	osmplace				11.05888	51.01517				
445	https://www.openstreetmap.org/way/271765859	osmplace				11.05971	51.014				
446	https://www.openstreetmap.org/way/233081185	osmplace				11.21467	50.96828				
447	https://www.openstreetmap.org/way/220216382	osmplace				11.09214	50.97733				
448	https://www.openstreetmap.org/way/147428078	osmplace				10.93841	51.04565				
449	https://www.openstreetmap.org/way/420600705	osmplace				10.96789	50.97604				
450	https://www.openstreetmap.org/way/382688015	osmplace				10.95466	50.98008				
451	https://www.openstreetmap.org/way/27740526	osmplace				10.99598	51.00331				
452	https://www.openstreetmap.org/way/845496192	osmplace				11.25549	50.91691				
453	https://www.openstreetmap.org/way/233673223	osmplace				11.00787	51.01181				
454	https://www.openstreetmap.org/way/238510000	osmplace				11.22503	50.92981				
455	https://www.openstreetmap.org/way/286247331	osmplace				11.18199	50.97072				
456	https://www.openstreetmap.org/way/258135772	osmplace				10.97128	51.02879				
457	https://www.openstreetmap.org/way/483078817	osmplace				11.13895	50.96763				
458	https://www.openstreetmap.org/way/750881884	osmplace				11.27637	50.97331				
459	https://www.openstreetmap.org/way/271765863	osmplace				11.07035	50.99984				
460	https://www.openstreetmap.org/way/271765858	osmplace				11.0714	50.9991				
461	https://www.openstreetmap.org/way/243040775	osmplace				11.29004	50.9941				
462	https://www.openstreetmap.org/way/300942777	osmplace				11.27952	50.94344				
463	https://www.openstreetmap.org/way/312547123	osmplace				10.9806	51.03819				
464	https://www.openstreetmap.org/way/360937290	osmplace				11.24607	50.93667				
465	https://www.openstreetmap.org/way/483078809	osmplace				11.20659	50.96986				
466	https://www.openstreetmap.org/way/658203181	osmplace				11.25735	50.91625				
467	https://www.openstreetmap.org/way/298559540	osmplace				11.09918	50.97636				
468	https://www.openstreetmap.org/way/403695359	osmplace				10.98497	51.0133				
469	https://www.openstreetmap.org/way/278820629	osmplace				11.09605	50.97698				
470	https://www.openstreetmap.org/way/226762606	osmplace				11.06946	51.09563				
471	https://www.openstreetmap.org/way/243034471	osmplace				11.29176	50.97996				
472	https://www.openstreetmap.org/way/292509734	osmplace				10.98252	51.03656				
473	https://www.openstreetmap.org/node/2276692146	osmplace				11.02429	50.97838				
474	https://www.openstreetmap.org/way/233303910	osmplace				11.26624	50.97014				
475	https://www.openstreetmap.org/way/340019829	osmplace				10.99494	51.00422				
476	https://www.openstreetmap.org/way/360937291	osmplace				11.2891	50.97779				
477	https://www.openstreetmap.org/way/263490248	osmplace				11.25034	50.96699				
478	https://www.openstreetmap.org/way/241797237	osmplace				11.23839	50.95792				
479	https://www.openstreetmap.org/way/24901849	osmplace				10.94145	50.95583				
480	https://www.openstreetmap.org/way/242821216	osmplace				10.88643	50.94779				
481	https://www.openstreetmap.org/way/182535673	osmplace				10.96765	50.97629				
482	https://www.openstreetmap.org/way/520932797	osmplace				11.03695	50.97223				
483	https://www.openstreetmap.org/way/241846789	osmplace				11.16023	50.95966				
484	https://www.openstreetmap.org/node/5143154722	osmplace				11.0602	50.97071				
485	https://www.openstreetmap.org/way/182535688	osmplace				10.96026	50.9775				
486	https://www.openstreetmap.org/way/676885886	osmplace				11.00851	51.02887				
487	https://www.openstreetmap.org/way/436734455	osmplace				11.03873	51.01639				
488	https://www.openstreetmap.org/way/434905591	osmplace				11.03751	50.97217				
489	https://www.openstreetmap.org/way/618850655	osmplace				11.00963	51.09405				
490	https://www.openstreetmap.org/way/243749720	osmplace				11.02098	50.99969				
491	https://www.openstreetmap.org/way/262822226	osmplace				10.92573	50.91933				
492	https://www.openstreetmap.org/way/436257612	osmplace				11.03553	51.01562				
493	https://www.openstreetmap.org/way/420600710	osmplace				10.95904	50.97641				
494	https://www.openstreetmap.org/way/958239078	osmplace				10.9378	51.04653				
495	https://www.openstreetmap.org/way/283330064	osmplace				10.90691	50.9499				
496	https://www.openstreetmap.org/way/242821240	osmplace				10.88333	50.94769				
497	https://www.openstreetmap.org/way/29709082	osmplace				11.2477	50.97137				
498	https://www.openstreetmap.org/node/5553272600	osmplace				11.02444	50.96658				
499	https://www.openstreetmap.org/node/1817300278	osmplace				11.03664	50.97781				
500	https://www.openstreetmap.org/way/507107897	osmplace				11.04614	51.01554				
501	https://www.openstreetmap.org/way/144946495	osmplace				10.98935	50.96981				
502	https://www.openstreetmap.org/way/271765855	osmplace				11.07317	50.99787				
503	https://www.openstreetmap.org/way/27739778	osmplace				11.00462	50.98849				
504	https://www.openstreetmap.org/way/403695355	osmplace				10.9884	51.00988				
505	https://www.openstreetmap.org/way/257267937	osmplace				11.15944	50.96191				
506	https://www.openstreetmap.org/way/483169020	osmplace				11.24247	50.94685				
507	https://www.openstreetmap.org/way/243034470	osmplace				11.29166	50.98154				
508	https://www.openstreetmap.org/way/313890818	osmplace				11.00553	50.9861				
509	https://www.openstreetmap.org/way/271765868	osmplace				11.06196	51.01085				
510	https://www.openstreetmap.org/way/845496194	osmplace				11.25533	50.91704				
511	https://www.openstreetmap.org/way/340019827	osmplace				10.99592	51.00353				
512	https://www.openstreetmap.org/way/182535672	osmplace				10.96455	50.9765				
513	https://www.openstreetmap.org/node/602103872	osmplace				11.00815	50.99542				
514	https://www.openstreetmap.org/way/241916600	osmplace				11.04951	50.97973				
515	https://www.openstreetmap.org/way/296018397	osmplace				10.91809	50.90052				
516	https://www.openstreetmap.org/way/241797227	osmplace				11.22613	50.96711				
517	https://www.openstreetmap.org/way/271765867	osmplace				11.06114	51.01233				
518	https://www.openstreetmap.org/way/658203183	osmplace				11.26455	50.913				
519	https://www.openstreetmap.org/way/242805661	osmplace				10.93958	50.95526				
520	https://www.openstreetmap.org/node/1928984424	osmplace				10.96126	50.9757				
521	https://www.openstreetmap.org/way/292509726	osmplace				10.98505	51.03696				
522	https://www.openstreetmap.org/node/5143203321	osmplace				11.0603	50.97068				
523	https://www.openstreetmap.org/way/741685134	osmplace				11.24889	50.94253				
524	https://www.openstreetmap.org/way/674051829	osmplace				10.98049	51.02071				
525	https://www.openstreetmap.org/way/233303995	osmplace				11.25752	50.96818				
526	https://www.openstreetmap.org/way/845496193	osmplace				11.25543	50.9169				
527	https://www.openstreetmap.org/way/651727264	osmplace				11.29222	50.98557				
528	https://www.openstreetmap.org/way/450814970	osmplace				11.21324	50.90173				
529	https://www.openstreetmap.org/way/456860851	osmplace				10.97546	51.03706				
530	https://www.openstreetmap.org/way/280259659	osmplace				11.06052	51.02731				
531	https://www.openstreetmap.org/way/241764542	osmplace				11.06413	51.03574				
532	https://www.openstreetmap.org/way/243034475	osmplace				11.29051	50.97827				
533	https://www.openstreetmap.org/way/220217276	osmplace				11.09071	50.97772				
534	https://www.openstreetmap.org/way/483078816	osmplace				11.16005	50.95982				
535	https://www.openstreetmap.org/way/242808050	osmplace				10.92112	50.95152				
536	https://www.openstreetmap.org/way/236832364	osmplace				11.10494	50.97555				
537	https://www.openstreetmap.org/way/242821219	osmplace				10.88051	50.94759				
538	https://www.openstreetmap.org/way/288321698	osmplace				11.07602	50.84436				
539	https://www.openstreetmap.org/way/182531438	osmplace				10.96264	50.97753				
540	https://www.openstreetmap.org/way/243040772	osmplace				11.28967	50.99385				
541	https://www.openstreetmap.org/way/331389590	osmplace				11.02275	51.00827				
542	https://www.openstreetmap.org/way/340019826	osmplace				10.99598	51.00331				
543	https://www.openstreetmap.org/way/258534675	osmplace				10.96202	51.03299				
544	https://www.openstreetmap.org/way/243034474	osmplace				11.14893	50.96123				
545	https://www.openstreetmap.org/way/343420284	osmplace				11.13028	50.97349				
546	https://www.openstreetmap.org/way/581473961	osmplace				11.0893	50.9649				
547	https://www.openstreetmap.org/way/26637167	osmplace				11.00839	50.9774				
548	https://www.openstreetmap.org/way/26580065	osmplace				11.00848	50.97741				
549	https://www.openstreetmap.org/way/242821231	osmplace				10.90675	50.94988				
550	https://www.openstreetmap.org/way/420600707	osmplace				10.96619	50.97524				
551	https://www.openstreetmap.org/way/420600708	osmplace				10.96234	50.97602				
552	https://www.openstreetmap.org/way/232656845	osmplace				11.05479	51.02457				
553	https://www.openstreetmap.org/way/94502568	osmplace				11.00871	51.01371				
554	https://www.openstreetmap.org/way/619494300	osmplace				10.99998	51.10064				
555	https://www.openstreetmap.org/way/300942808	osmplace				11.28037	50.93977				
556	https://www.openstreetmap.org/way/225880445	osmplace				10.98179	50.92541				
557	https://www.openstreetmap.org/way/271765865	osmplace				11.06172	51.01149				
558	https://www.openstreetmap.org/way/258527322	osmplace				10.93922	51.04483				
559	https://www.openstreetmap.org/way/340019828	osmplace				10.99657	51.00296				
560	https://www.openstreetmap.org/way/233081186	osmplace				11.19137	50.9694				
561	https://www.openstreetmap.org/way/483078813	osmplace				11.17785	50.97206				
562	https://www.openstreetmap.org/way/233305980	osmplace				11.11829	50.97524				
563	https://www.openstreetmap.org/way/343420290	osmplace				11.07269	50.9982				
564	https://www.openstreetmap.org/way/258088428	osmplace				11.24166	50.95057				
565	https://www.openstreetmap.org/way/483169021	osmplace				11.23904	50.95663				
566	https://www.openstreetmap.org/way/367628742	osmplace				11.16036	50.95954				
567	https://www.openstreetmap.org/way/258092164	osmplace				11.17396	50.94409				
568	https://www.openstreetmap.org/way/278820622	osmplace				11.09173	50.98031				
569	https://www.openstreetmap.org/way/434905538	osmplace				11.03789	50.97228				
570	https://www.openstreetmap.org/node/1852609745	osmplace				11.02024	50.98335				
571	https://www.openstreetmap.org/node/2283393926	osmplace				11.05894	50.97103				
572	https://www.openstreetmap.org/way/25469118	osmplace				11.25911	50.96467				
573	https://www.openstreetmap.org/way/307950751	osmplace				11.16945	50.87797				
574	https://www.openstreetmap.org/way/559731661	osmplace				11.12587	50.98247				
575	https://www.openstreetmap.org/way/395379559	osmplace				11.08644	50.94849				
576	https://www.openstreetmap.org/way/225650093	osmplace				10.99051	50.93006				
577	https://www.openstreetmap.org/way/258534676	osmplace				10.95521	51.03563				
578	https://www.openstreetmap.org/way/581473962	osmplace				11.08925	50.96384				
579	https://www.openstreetmap.org/way/561550863	osmplace				11.29004	50.9941				
580	https://www.openstreetmap.org/way/258088426	osmplace				11.24174	50.95024				
581	https://www.openstreetmap.org/way/845496190	osmplace				11.25594	50.91656				
582	https://www.openstreetmap.org/way/243034476	osmplace				11.19908	50.97026				
583	https://www.openstreetmap.org/way/313890831	osmplace				11.00641	50.98384				
584	https://www.openstreetmap.org/way/483169022	osmplace				11.23876	50.95718				
585	https://www.openstreetmap.org/way/258135773	osmplace				10.97636	51.02398				
586	https://www.openstreetmap.org/way/235933031	osmplace				11.09455	50.97723				
587	https://www.openstreetmap.org/way/529707462	osmplace				10.89201	50.94795				
588	https://www.openstreetmap.org/way/283330066	osmplace				10.8999	50.94889				
589	https://www.openstreetmap.org/way/223101828	osmplace				11.04322	51.04132				
590	https://www.openstreetmap.org/way/226602911	osmplace				11.016	51.01523				
591	https://www.openstreetmap.org/way/226600429	osmplace				11.01228	51.01561				
592	https://www.openstreetmap.org/way/305170545	osmplace				10.9101	50.91573				
593	https://www.openstreetmap.org/way/292460117	osmplace				10.90826	50.90719				
594	https://www.openstreetmap.org/way/258135776	osmplace				10.97068	51.02924				
595	https://www.openstreetmap.org/way/271765860	osmplace				11.07568	50.99626				
596	https://www.openstreetmap.org/way/242532177	osmplace				11.089	50.96357				
597	https://www.openstreetmap.org/way/313890820	osmplace				11.00498	50.98717				
598	https://www.openstreetmap.org/way/233304620	osmplace				11.1905	50.96934				
599	https://www.openstreetmap.org/way/257267934	osmplace				11.2563	50.96793				
600	https://www.openstreetmap.org/way/298559628	osmplace				11.09738	50.97677				
601	https://www.openstreetmap.org/way/218984577	osmplace				11.24622	50.9321				
602	https://www.openstreetmap.org/way/242805664	osmplace				10.93888	50.95519				
603	https://www.openstreetmap.org/way/242821228	osmplace				10.90851	50.95005				
604	https://www.openstreetmap.org/way/947818189	osmplace				10.96585	50.97705				
605	https://www.openstreetmap.org/node/7645854921	osmplace				11.06015	50.97062				
606	https://www.openstreetmap.org/way/507108000	osmplace				11.05158	51.01965				
607	https://www.openstreetmap.org/way/507109585	osmplace				11.04582	51.01811				
608	https://www.openstreetmap.org/way/134802283	osmplace				11.00211	51.01816				
609	https://www.openstreetmap.org/way/233669605	osmplace				11.06522	51.00463				
610	https://www.openstreetmap.org/way/257267942	osmplace				11.12945	50.97368				
611	https://www.openstreetmap.org/way/233304191	osmplace				11.24269	50.96667				
612	https://www.openstreetmap.org/way/321693658	osmplace				11.24644	50.94077				
613	https://www.openstreetmap.org/way/321693655	osmplace				11.24664	50.9388				
614	https://www.openstreetmap.org/way/483169028	osmplace				11.23687	50.96337				
615	https://www.openstreetmap.org/way/241797226	osmplace				11.19304	50.96933				
616	https://www.openstreetmap.org/way/313890828	osmplace				11.00705	50.98216				
617	https://www.openstreetmap.org/way/285825720	osmplace				11.10108	50.97605				
618	https://www.openstreetmap.org/way/235548810	osmplace				11.10108	50.97605				
619	https://www.openstreetmap.org/way/675812423	osmplace				11.20738	51.08274				
620	https://www.openstreetmap.org/way/229960106	osmplace				11.08973	51.04059				
621	https://www.openstreetmap.org/way/307390441	osmplace				11.0384	51.00562				
622	https://www.openstreetmap.org/way/331389587	osmplace				11.0276	51.00645				
623	https://www.openstreetmap.org/way/226914661	osmplace				11.01432	51.01069				
624	https://www.openstreetmap.org/way/248158301	osmplace				11.29039	50.93513				
625	https://www.openstreetmap.org/way/460089648	osmplace				10.98482	51.01375				
626	https://www.openstreetmap.org/way/343420289	osmplace				10.98905	51.00951				
627	https://www.openstreetmap.org/way/274101382	osmplace				11.08861	50.96229				
628	https://www.openstreetmap.org/way/258088429	osmplace				11.24213	50.94844				
629	https://www.openstreetmap.org/way/483078808	osmplace				11.23413	50.9665				
630	https://www.openstreetmap.org/way/241797223	osmplace				11.22678	50.96706				
631	https://www.openstreetmap.org/way/241797224	osmplace				11.1963	50.96982				
632	https://www.openstreetmap.org/way/241846787	osmplace				11.16248	50.95761				
633	https://www.openstreetmap.org/way/233336671	osmplace				11.17167	50.94906				
634	https://www.openstreetmap.org/way/270348905	osmplace				11.06404	51.03241				
635	https://www.openstreetmap.org/way/561205364	osmplace				11.12129	50.87823				
636	https://www.openstreetmap.org/node/2411474672	osmplace				10.99994	51.00171				
637	https://www.openstreetmap.org/node/2704338479	osmplace				11.25902	50.95596				
638	https://www.openstreetmap.org/way/46823696	osmplace				11.02754	51.03223				
639	https://www.openstreetmap.org/way/681609901	osmplace				11.04323	51.06858				
640	https://www.openstreetmap.org/way/436734421	osmplace				11.03733	51.0221				
641	https://www.openstreetmap.org/way/125615730	osmplace				11.04976	50.97843				
642	https://www.openstreetmap.org/way/921739186	osmplace				10.97451	50.97449				
643	https://www.openstreetmap.org/way/310912746	osmplace				10.9122	50.90517				
644	https://www.openstreetmap.org/way/855308058	osmplace				11.08849	50.962				
645	https://www.openstreetmap.org/way/274101383	osmplace				11.0884	50.9618				
646	https://www.openstreetmap.org/way/677624189	osmplace				11.2921	50.98351				
647	https://www.openstreetmap.org/way/243034473	osmplace				11.29125	50.97881				
648	https://www.openstreetmap.org/way/258136586	osmplace				10.99461	51.00451				
649	https://www.openstreetmap.org/way/241797235	osmplace				11.23787	50.9589				
650	https://www.openstreetmap.org/way/241797233	osmplace				11.2373	50.9601				
651	https://www.openstreetmap.org/way/241797229	osmplace				11.19704	50.96998				
652	https://www.openstreetmap.org/way/251661316	osmplace				11.15959	50.96027				
653	https://www.openstreetmap.org/way/285825722	osmplace				11.10339	50.97568				
654	https://www.openstreetmap.org/way/463898090	osmplace				11.2423	50.9476				
655	https://www.openstreetmap.org/way/947817915	osmplace				10.97233	50.97696				
656	https://www.openstreetmap.org/node/8816559662	osmplace				11.04276	50.99014				
657	https://www.openstreetmap.org/node/4331256693	osmplace				11.0432	50.97104				
658	https://www.openstreetmap.org/node/2598684955	osmplace				11.02536	50.99399				
659	https://www.openstreetmap.org/way/436422680	osmplace				11.03793	51.02289				
660	https://www.openstreetmap.org/way/917737567	osmplace				11.00471	51.0333				
661	https://www.openstreetmap.org/way/436159230	osmplace				11.03924	51.02159				
662	https://www.openstreetmap.org/way/313738353	osmplace				11.00065	51.02415				
663	https://www.openstreetmap.org/way/676367838	osmplace				10.94506	50.97759				
664	-	osmplace				0.0	0.0				
665	https://www.openstreetmap.org/way/258135774	osmplace				10.97777	51.02272				
666	https://www.openstreetmap.org/way/271765856	osmplace				11.07023	51.00005				
667	https://www.openstreetmap.org/way/313890834	osmplace				11.00737	50.9813				
668	https://www.openstreetmap.org/way/15679921	osmplace				11.00553	50.9861				
669	https://www.openstreetmap.org/way/258088425	osmplace				11.24373	50.94291				
670	https://www.openstreetmap.org/way/241846783	osmplace				11.17313	50.94596				
671	https://www.openstreetmap.org/way/182535671	osmplace				10.96626	50.9756				
672	https://www.openstreetmap.org/way/180789876	osmplace				10.95707	50.98262				
673	https://www.openstreetmap.org/way/343420285	osmplace				11.12065	50.97514				
674	https://www.openstreetmap.org/way/186640684	osmplace				10.95378	50.97976				
675	https://www.openstreetmap.org/way/444416495	osmplace				11.03924	50.9797				
676	https://www.openstreetmap.org/way/520932796	osmplace				11.03678	50.97242				
677	https://www.openstreetmap.org/node/3845094086	osmplace				10.91834	50.89638				
678	https://www.openstreetmap.org/way/619492427	osmplace				11.00992	51.09901				
679	https://www.openstreetmap.org/way/583652626	osmplace				11.2493	51.02525				
680	https://www.openstreetmap.org/way/301962676	osmplace				11.21783	50.95852				
681	https://www.openstreetmap.org/way/264775781	osmplace				10.96123	50.89091				
682	https://www.openstreetmap.org/way/258527309	osmplace				10.93277	51.05657				
683	https://www.openstreetmap.org/way/346479626	osmplace				10.93476	51.0506				
684	https://www.openstreetmap.org/way/854944021	osmplace				11.06212	51.0108				
685	https://www.openstreetmap.org/way/483059889	osmplace				11.09214	50.97733				
686	https://www.openstreetmap.org/way/27739693	osmplace				11.00819	50.97908				
687	https://www.openstreetmap.org/way/233304368	osmplace				11.22931	50.96664				
688	https://www.openstreetmap.org/way/667456545	osmplace				11.25483	50.91749				
689	https://www.openstreetmap.org/way/242808049	osmplace				10.93275	50.95358				
690	https://www.openstreetmap.org/way/242805667	osmplace				10.93871	50.95503				
691	https://www.openstreetmap.org/way/182535692	osmplace				10.96429	50.97663				
692	https://www.openstreetmap.org/way/420600711	osmplace				10.96206	50.9759				
693	https://www.openstreetmap.org/node/1928984405	osmplace				10.96058	50.97563				
694	https://www.openstreetmap.org/way/420600712	osmplace				10.95957	50.97632				
695	https://www.openstreetmap.org/way/443217583	osmplace				11.03353	51.04				
696	https://www.openstreetmap.org/way/662842846	osmplace				11.01618	50.87656				
697	https://www.openstreetmap.org/way/251365025	osmplace				10.96958	50.99467				
698	https://www.openstreetmap.org/way/317182517	osmplace				10.88007	50.95112				
699	https://www.openstreetmap.org/way/260357953	osmplace				10.98358	50.92789				
700	https://www.openstreetmap.org/way/258135818	osmplace				10.99098	51.00784				
701	https://www.openstreetmap.org/way/233081366	osmplace				11.14701	50.96178				
702	https://www.openstreetmap.org/way/257267938	osmplace				11.13876	50.9682				
703	https://www.openstreetmap.org/way/235933032	osmplace				11.09202	50.97845				
704	https://www.openstreetmap.org/way/470600860	osmplace				11.00796	50.97972				
705	https://www.openstreetmap.org/way/212823856	osmplace				11.28858	50.97754				
706	https://www.openstreetmap.org/way/258135778	osmplace				10.96929	51.03023				
707	https://www.openstreetmap.org/way/241846790	osmplace				11.16822	50.95246				
708	https://www.openstreetmap.org/way/313838422	osmplace				11.10836	50.97508				
709	https://www.openstreetmap.org/way/242802495	osmplace				10.94293	50.9561				
710	https://www.openstreetmap.org/way/823275713	osmplace				10.93585	50.95433				
711	https://www.openstreetmap.org/way/242821226	osmplace				10.90561	50.94979				
712	https://www.openstreetmap.org/way/182535678	osmplace				10.96445	50.97602				
713	https://www.openstreetmap.org/relation/3000516	osmplace				11.00638	51.0219				
714	https://www.openstreetmap.org/way/33516120	osmplace				10.97132	50.88937				
715	https://www.openstreetmap.org/way/335954366	osmplace				10.91176	50.91717				
716	https://www.openstreetmap.org/way/22376444	osmplace				10.93757	51.0468				
717	https://www.openstreetmap.org/way/343420287	osmplace				11.13135	50.97331				
718	https://www.openstreetmap.org/way/257267941	osmplace				11.26134	50.96887				
719	https://www.openstreetmap.org/way/313838421	osmplace				11.10191	50.97592				
720	https://www.openstreetmap.org/way/242821221	osmplace				10.88051	50.94759				
721	https://www.openstreetmap.org/way/14015821	osmplace				10.95775	50.97771				
722	https://www.openstreetmap.org/way/220260235	osmplace				10.96264	50.97753				
723	https://www.openstreetmap.org/way/507109586	osmplace				11.04515	51.01759				
724	https://www.openstreetmap.org/way/943270122	osmplace				11.29631	50.98635				
725	https://www.openstreetmap.org/way/230040099	osmplace				11.29216	50.94023				
726	https://www.openstreetmap.org/way/231304433	osmplace				11.00862	50.90248				
727	https://www.openstreetmap.org/way/899162633	osmplace				10.93892	50.924				
728	https://www.openstreetmap.org/node/393669181	osmplace				11.03556	50.98194				
729	https://www.openstreetmap.org/way/258534674	osmplace				10.95	51.03774				
730	https://www.openstreetmap.org/way/258135822	osmplace				10.98221	51.01915				
731	https://www.openstreetmap.org/way/386796980	osmplace				11.00348	50.99105				
732	https://www.openstreetmap.org/way/483078810	osmplace				11.20397	50.9703				
733	https://www.openstreetmap.org/way/241797228	osmplace				11.1944	50.96941				
734	https://www.openstreetmap.org/way/507294908	osmplace				10.90788	50.94999				
735	https://www.openstreetmap.org/way/182535682	osmplace				10.95943	50.97727				
736	https://www.openstreetmap.org/way/224242651	osmplace				11.17212	51.07582				
737	https://www.openstreetmap.org/way/676369452	osmplace				11.15079	51.0057				
738	https://www.openstreetmap.org/way/507107944	osmplace				11.04809	51.01705				
739	https://www.openstreetmap.org/way/436151969	osmplace				11.04269	51.01612				
740	https://www.openstreetmap.org/way/248158316	osmplace				11.28836	50.93627				
741	https://www.openstreetmap.org/way/676367829	osmplace				10.94073	50.97004				
742	https://www.openstreetmap.org/way/310509382	osmplace				10.92071	50.8981				
743	https://www.openstreetmap.org/way/650939168	osmplace				11.06429	51.03495				
744	https://www.openstreetmap.org/way/258135819	osmplace				10.99334	51.00577				
745	https://www.openstreetmap.org/way/258527315	osmplace				10.93583	51.04884				
746	https://www.openstreetmap.org/way/313890833	osmplace				11.00673	50.98258				
747	https://www.openstreetmap.org/way/27740577	osmplace				11.00043	50.99829				
748	https://www.openstreetmap.org/way/651727265	osmplace				11.28888	50.9931				
749	https://www.openstreetmap.org/way/257267929	osmplace				11.25714	50.96811				
750	https://www.openstreetmap.org/way/483169027	osmplace				11.23687	50.96337				
751	https://www.openstreetmap.org/way/845496191	osmplace				11.25597	50.9166				
752	https://www.openstreetmap.org/way/343420291	osmplace				11.09505	50.97702				
753	https://www.openstreetmap.org/way/242805665	osmplace				10.93647	50.95451				
754	https://www.openstreetmap.org/way/890862286	osmplace				11.06948	51.09574				
755	https://www.openstreetmap.org/way/182535676	osmplace				10.96261	50.9759				
756	https://www.openstreetmap.org/way/565013722	osmplace				11.08173	50.87992				
757	https://www.openstreetmap.org/way/307390422	osmplace				11.03748	51.01015				
758	https://www.openstreetmap.org/way/387007705	osmplace				11.0285	51.01039				
759	https://www.openstreetmap.org/way/312547120	osmplace				10.98066	51.03669				
760	https://www.openstreetmap.org/way/678418620	osmplace				11.26479	50.96751				
761	https://www.openstreetmap.org/way/252919104	osmplace				11.12358	50.97748				
762	https://www.openstreetmap.org/way/233305857	osmplace				11.10942	50.97511				
763	https://www.openstreetmap.org/way/258088427	osmplace				11.24162	50.95077				
764	https://www.openstreetmap.org/way/258135821	osmplace				10.99098	51.00784				
765	https://www.openstreetmap.org/way/241797232	osmplace				11.2404	50.95402				
766	https://www.openstreetmap.org/way/241846784	osmplace				11.16316	50.95701				
767	https://www.openstreetmap.org/way/285825721	osmplace				11.10302	50.97574				
768	https://www.openstreetmap.org/way/278820628	osmplace				11.09549	50.97707				
769	https://www.openstreetmap.org/way/182535677	osmplace				10.96434	50.97548				
770	https://www.openstreetmap.org/node/348221311	osmplace				10.9137	50.91355				
771	https://www.openstreetmap.org/way/225902701	osmplace				11.01174	51.02685				
772	https://www.openstreetmap.org/way/238880846	osmplace				11.26127	50.9544				
773	https://www.openstreetmap.org/way/303080156	osmplace				11.12617	50.99031				
774	https://www.openstreetmap.org/way/775126384	osmplace				10.94163	50.97318				
775	https://www.openstreetmap.org/way/727265971	osmplace				10.97374	50.87691				
776	https://www.openstreetmap.org/way/331354333	osmplace				10.92952	50.89133				
777	parking_position	osmtag									
778	military	osmtag									
779	agricultural_engines	osmtag									
780	taxiway	osmtag									
781	primary	osmtag									
782	fast_food	osmtag									
783	1	osmtag									
784	industrial	osmtag									
785	depot	osmtag									
786	hangar	osmtag									
787	erotic	osmtag									
788	wholesale	osmtag									
789	gate	osmtag									
790	quarry	osmtag									
791	aerodrome	osmtag									
792	runway	osmtag									
793	brothel	osmtag									
794	nightclub	osmtag									
795	trunk	osmtag									
796	department_store	osmtag									
797	https://www.openstreetmap.org/way/258136585	osmplace				10.99326	51.00566				
798	https://www.openstreetmap.org/way/241797225	osmplace				11.23619	50.96682				
799	https://www.openstreetmap.org/way/241797221	osmplace				11.23464	50.9666				
800	https://www.openstreetmap.org/way/258534677	osmplace				10.96496	51.03191				
801	https://www.openstreetmap.org/way/182535674	osmplace				10.96635	50.97603				
802	https://www.openstreetmap.org/node/8556402403	osmplace				11.05981	50.97095				
803	https://www.openstreetmap.org/way/241366652	osmplace				11.16036	50.95954				
804	https://www.openstreetmap.org/way/238561045	osmplace				11.25316	50.92393				
805	https://www.openstreetmap.org/way/182535693	osmplace				10.96616	50.97651				
806	https://www.openstreetmap.org/node/8882795221	osmplace				11.01868	51.02347				
807	https://www.openstreetmap.org/node/4070366908	osmplace				11.01816	50.98518				
808	https://www.openstreetmap.org/way/720147635	osmplace				11.13743	51.1084				
809	https://www.openstreetmap.org/way/436159228	osmplace				11.03983	51.02078				
810	https://www.openstreetmap.org/way/225902702	osmplace				11.00978	51.02621				
811	https://www.openstreetmap.org/way/331389672	osmplace				11.02762	51.00747				
812	https://www.openstreetmap.org/way/226910802	osmplace				11.01319	51.01725				
813	https://www.openstreetmap.org/node/671542783	osmplace				11.03629	50.97379				
814	https://www.openstreetmap.org/way/676885885	osmplace				11.00575	51.02927				
815	https://www.openstreetmap.org/way/317182518	osmplace				10.88482	50.95183				
816	https://www.openstreetmap.org/way/529847447	osmplace				11.04174	50.9915				
817	https://www.openstreetmap.org/way/309651896	osmplace				11.03465	51.00935				
818	https://www.openstreetmap.org/node/1581100202	osmplace				11.03269	50.97728				
819	https://www.openstreetmap.org/way/434905527	osmplace				11.03782	50.97234				
820	https://www.openstreetmap.org/way/436151964	osmplace				11.03986	51.0194				
821	https://www.openstreetmap.org/way/182535689	osmplace				10.96069	50.97702				
822	https://www.openstreetmap.org/way/182535675	osmplace				10.96276	50.97668				
823	https://www.openstreetmap.org/way/243034477	osmplace				11.25439	50.96744				
824	https://www.openstreetmap.org/way/229958340	osmplace				11.01776	51.02914				
825	https://www.openstreetmap.org/way/806178620	osmplace				11.00594	51.00927				
826	https://www.openstreetmap.org/way/494874842	osmplace				10.91331	50.90623				
